Tempo_de_ordenação,Número_de_elementos,Quantidade_de_trocas
10.702886475999549,20000,98318611
3.837100121018011e-05,2,1
11.157457894001709,20000,98318611
